id,X,Y,Item01,Item02,Item03,Item04
1,1.421366772,2.11225322,-1.333190907,0.477897314,1.087496423,0.111820939
2,0.404131589,-0.355837502,-0.014762132,-2.123436492,-1.882927847,1.767196792
3,1.127307598,1.154898192,1.708579597,0.522097716,-1.998225778,-0.938758837
4,0.304933234,0.976460623,-0.128199317,-0.443973644,0.090880882,0.892872978
5,-1.845710704,-0.529320328,1.818553621,0.676699189,0.843091032,1.051076504
6,0.882182522,-0.419339247,-1.678799503,0.884831534,-0.797461134,0.964370443
7,-0.866833085,0.081593806,-1.192067031,-1.986939685,-1.20102023,-0.110406162
8,-1.468249432,-0.19686482,0.325019637,-1.625019253,-0.403167886,-1.24385043
9,0.281824852,2.420000419,-2.721879469,-0.075010612,2.042799625,1.156372603
10,0.750310762,0.990435162,-0.941083339,0.378158342,1.291311529,2.373149635
11,1.351164694,0.234556332,1.349648758,1.274976808,0.492517646,1.718956123
12,-0.013523527,1.611528065,0.260193076,0.790669364,0.66568798,0.048963859
13,-2.017822013,-1.33787509,-0.892303552,-2.979413217,0.037996092,0.586471393
14,1.267672018,0.752683248,0.330997244,0.117189882,0.546442268,0.819286714
15,-0.30285337,0.866004058,0.479683452,2.556723845,0.171949755,0.475540208
16,0.565406092,0.157581605,-0.092283112,-0.160727754,-0.494947299,-0.691427396
17,1.386697293,0.331570215,1.320396745,0.222372207,-0.642162481,1.169183692
18,-1.540979661,-2.595740584,-1.025646435,-1.517030267,-0.381104927,-0.852413005
19,0.683203596,2.187901425,-1.325024406,0.245935816,-1.048572873,-0.267788014
20,-2.073936664,-1.070089567,-0.408231345,-0.898843842,-0.043473635,1.47598553
21,-1.131292039,-2.033958158,-0.990757598,-1.810876201,0.350224436,-0.551604566
22,-0.490288784,0.02819517,1.17035489,-1.113797939,-0.095539595,0.27530264
23,0.324615857,1.608077231,0.73247428,1.398478302,1.158679276,0.848754655
24,0.146563614,0.269781687,-0.394937662,-1.658322392,-0.740167387,1.244544636
25,0.721365366,-0.64332371,-1.294934177,-2.414200112,-1.845551954,-1.779697779
26,1.783743672,0.379254551,0.137212159,-0.784323249,-0.759317384,-1.969636988
27,1.184768731,1.742318425,1.266509215,2.0121421,2.455315027,1.062564458
28,-1.544840068,-1.270479264,-0.593064332,-0.013382233,-1.208269433,-1.385362253
29,-0.424205615,-0.943683544,0.788079022,0.701152577,0.975949298,1.781492662
30,-0.922696624,-0.185919266,0.647601465,1.693950843,-0.823335011,2.476763166
31,0.535532896,-1.235306288,0.431537743,-1.488784988,-1.182663005,-2.97111304
32,0.218656557,0.29982237,0.321338344,-0.183808992,-0.109697755,-1.929125963
33,0.876475391,1.225402725,0.646429257,1.341918311,-0.179982411,1.402313242
34,-0.020806614,-0.538447055,0.658575255,-0.522648444,0.58405877,0.122001671
35,-0.262719847,-1.513990417,0.88308937,-0.99567697,-0.974160738,0.982367001
36,-1.636225143,0.472332362,1.725955656,0.566280367,0.057112874,-1.204056418
37,1.137404908,0.652576351,0.924956885,0.720032421,-0.079444181,-1.468735125
38,-0.234206729,0.281955075,-0.857869747,3.108887606,1.369051479,1.68018474
39,1.920407017,2.931233584,-0.715463947,1.2954362,0.243712502,-0.633808091
40,-0.355448248,-1.093008089,-0.609810914,-0.203488689,-0.976583805,-1.855240045
41,2.132002072,2.514197618,0.184748951,0.224646399,1.567555068,-1.353601504
42,-0.174636677,-0.548824286,-0.41982714,1.371423912,-0.770606288,-0.273452684
43,-0.847035747,-0.800640321,-1.589871245,-1.109751228,-0.55786285,-0.217346982
44,-0.596488911,-0.332933873,0.888300324,-1.314303948,-0.182480953,-2.776264155
45,-1.443440375,-0.018344351,0.462394804,-1.161422404,0.948083829,0.575781442
46,0.887712072,0.647773923,-0.16005341,-0.015853311,2.101242574,0.964161505
47,0.508575603,0.695705732,-0.532867788,0.728793979,0.471432781,-0.269440281
48,0.250601642,1.166743322,0.248515379,0.61010629,2.70191747,1.318185115
49,0.103323264,1.254770252,-0.727857252,-0.373227721,-0.079882906,0.107344471
50,-1.538260187,1.108652557,1.333381499,1.954675013,-2.465701463,0.565617695
51,-0.561391922,1.188099483,-0.935411376,-0.316099929,-0.542836482,1.481759944
52,-1.656950711,-0.115012657,0.524572406,1.195133245,1.331187115,0.975711339
53,-0.450397919,-1.041502323,-0.777539649,-2.991446514,-2.296300278,-0.45214498
54,0.772142549,-1.124980193,0.546093758,0.134104206,-0.944832341,0.066165938
55,0.936586644,1.913987521,0.600980642,2.179958585,1.298548172,1.115587548
56,-1.211188303,0.309884089,0.976366457,-1.921000363,-1.318054498,-0.290079028
57,2.072106614,0.920218663,0.376285724,1.300860044,0.437512391,0.525905454
58,1.251472509,2.686919593,0.707163075,1.741241222,1.24650557,-0.530822367
59,0.573428962,-0.30033158,-1.364071969,-0.08111398,0.714482303,-0.388091518
60,-0.179263347,-0.554636204,-1.497152143,-0.37657341,-0.745863585,-1.078906989
61,0.751960095,-1.39055092,-0.199072779,1.137731429,-0.773915054,-0.629202029
62,0.036331538,0.140160345,0.490929459,-0.887754078,-0.610694124,-1.452907962
63,1.370432762,-0.334808344,1.113382028,-0.514038154,-1.242516204,-1.138698643
64,0.382960144,1.166102248,0.369012747,0.746720073,3.478446152,2.825991135
65,0.816716713,-1.028752811,-0.669619818,0.16805073,0.437422083,-1.650929678
66,0.086821677,-0.81384108,0.435312298,-2.32957779,-1.171386585,-1.62367386
67,-0.00857173,-0.609170789,0.379810471,0.865808975,0.1504302,0.577999128
68,-0.686162594,-0.24393806,-0.390984927,-2.465739868,0.14585613,-1.489275339
69,0.724235629,-0.287861754,-0.500227894,-0.296561608,-1.082009478,-3.111613509
70,0.763374683,0.997834567,0.030300681,1.907128208,-0.712943593,-0.113542307
71,1.532677854,2.285416665,0.422062989,-0.085306627,-2.462730526,-0.478899485
72,-0.198163475,1.112132796,-0.245466356,-1.037248766,-1.027814747,-0.253023509
73,0.684239988,1.24686823,-0.791677943,-1.411227034,-0.15955128,0.648863496
74,-0.151359432,0.54094749,-0.141860555,0.53406744,-0.788222976,-1.618538252
75,1.221423685,-1.342572499,1.224684098,1.695185436,0.255928898,0.832424901
76,-1.49694845,-1.535368186,-1.882723173,-1.955792169,-2.885156486,-1.577662322
77,0.561264752,-1.042076525,1.861363322,-0.428764199,-0.223080419,0.503794615
78,0.229382282,0.95043571,-0.83750473,-0.58900217,0.831373508,0.925983779
79,-2.322790885,-0.857401305,-0.590923477,-1.029249586,-0.068643436,-2.470722597
80,-1.088480446,-1.249181675,-0.866777509,0.81110816,-0.436795674,-0.030524425
81,-0.44422369,1.804916537,-1.563730985,1.293541984,0.658481521,0.706812582
82,-1.252865661,-0.073925841,0.991336927,0.235280698,0.881425637,0.522507005
83,0.421785293,1.907735287,-0.639832879,0.522180775,1.866152294,1.879604838
84,0.174003808,-0.760108882,0.844501738,0.01194422,0.445611416,-0.050998374
85,-0.863778842,-1.306627428,0.435629382,-0.873681697,-0.009850966,0.147496515
86,-0.546076308,0.164688963,0.269382133,-0.454015727,-1.112692746,1.461099466
87,0.736326848,1.116357765,-0.782484397,0.329810771,1.282734653,-0.514407763
88,1.408685142,1.432618092,-0.106691256,0.648945111,2.618201136,-0.346106019
89,1.087865183,0.389255927,-0.147532219,1.101677712,0.046929662,0.284506266
90,-0.859702711,-0.405606037,-0.885964553,-0.964836482,-1.177352809,-1.055894394
91,0.923422031,-0.360025274,-0.036131439,-1.053092435,-1.435427138,0.226262541
92,-0.871563219,-1.257734431,-0.352979553,-0.936364127,-1.04256663,1.222852367
93,0.715360958,-0.334381778,-0.161722317,-0.350715345,-0.375005895,0.682192033
94,-0.036202097,-0.952685435,-0.153729902,-2.095098077,-0.575140997,-1.561478195
95,-0.829173087,-0.741421412,1.593045515,4.203112426,1.122870181,0.824088706
96,-1.061684574,-0.645445594,-1.567463659,-0.191348294,1.304359167,0.830100177
97,-0.635717622,-1.489799942,-1.515412133,-1.283976736,0.125962106,-1.189028401
98,-0.383020566,-0.330809431,0.189330306,-0.868677438,-0.373610102,-0.549074216
99,-1.630233398,-2.285969272,-1.121445444,0.103647934,-0.256817567,-1.058155732
100,0.525937411,0.030213155,1.811287068,-0.13614779,1.94323122,0.552207305
101,0.222348611,0.700015691,0.559551284,-0.01002448,1.256411822,0.978166403
102,1.500152692,0.94494704,1.936349085,1.35083442,2.164592989,2.142741497
103,-0.263889213,0.349991965,-0.772243739,1.357795115,0.671007874,-0.633838881
104,-1.161422752,-0.896694639,-1.483702712,-0.539942623,0.439340719,-2.438522791
105,1.22464846,0.997734275,-0.767376909,-0.844565084,-0.386321291,0.436530874
106,0.146848291,-1.435507387,-1.270756209,-0.574497373,-0.69406041,-0.539449604
107,-0.753954939,-0.981625266,1.967921956,0.372008374,-0.069036238,0.23694286
108,0.565702386,1.220512184,0.255899121,-2.119202833,-0.573631303,0.05957861
109,-0.305915621,0.869333487,-0.961698179,0.076714362,0.747609636,-0.433856378
110,0.967149125,-0.64366814,0.312910241,1.985842798,1.003489024,2.136164786
111,0.408084136,-0.749244786,-0.019373848,0.64424671,-1.856344257,0.327749534
112,0.345752954,0.48461213,0.828651441,0.213511566,-2.270499717,1.282844586
113,-0.396175931,1.619251967,2.29988072,1.885615367,1.190935727,0.27755406
114,-0.4244237,-1.32142957,-1.419211145,-2.904428412,1.041086522,0.041543505
115,1.164759045,-0.567685404,-1.562439328,-0.286251599,2.282296964,2.217480969
116,-1.575570718,-0.447399198,1.185134473,2.210224892,1.582532765,0.515014259
117,-2.311115296,-0.88787313,1.423229723,0.534911757,-0.075492882,-0.064288916
118,0.961147648,1.733983327,-2.546116307,-0.255516289,-0.529389553,-1.52243555
119,-0.086151647,-1.190172469,-0.132755535,0.785562024,-0.426441373,-1.58015276
120,0.849993311,1.776663197,-1.037756967,-2.612032415,-0.761272002,-1.19728841
121,0.146620611,-0.590213487,0.530324166,-0.963948458,0.137302446,0.438275819
122,-0.955549204,-0.994130214,1.588491932,0.261843831,1.539965148,0.820094854
123,0.514726012,1.267659743,0.227528548,-0.041757726,0.895774073,1.614434812
124,0.668138698,0.309635327,0.32263517,1.144595831,2.358613978,0.787409647
125,1.209729761,2.326577449,-0.911153414,0.708823043,0.919104387,-0.003565207
126,0.401189881,-1.858099034,-0.627109687,-0.349132743,-0.633829726,0.507909924
127,-1.55410839,-1.004079455,0.12733015,-0.840659818,-0.220570504,0.363325933
128,0.231400818,0.369183245,0.007960739,0.08531386,-1.17434033,-3.395951647
129,-1.727143365,-0.78763051,0.837972129,0.341278026,0.888284012,-0.243480865
130,-0.683935328,-2.189439615,-0.539856954,-1.858932044,-0.171191623,-1.287120492
131,0.84886677,-0.475068467,0.027290343,-0.286676824,1.425877076,0.277994223
132,-2.220537329,-0.351595628,-0.297408124,-1.553881067,1.586093418,-0.872405526
133,0.975899023,1.563814666,0.567216006,0.002792407,0.633734982,0.964280456
134,1.574830765,0.253720336,-0.422426336,0.598773908,2.083417998,0.548403993
135,-1.06974,-0.213846235,1.440357339,-0.68187407,-0.539215267,-0.899933283
136,0.41538999,0.483689488,-0.659838281,-1.592859986,1.168837891,-2.234093197
137,1.708128528,1.43888026,0.44276193,0.77882179,1.963375159,1.177145928
138,0.854342684,1.083584519,-0.471117437,-0.050198034,-1.037098389,-1.624813813
139,-1.9115142,-2.701505413,0.390680498,-0.466277739,1.125682336,-1.420372685
140,1.601603606,2.009887581,-0.57421737,0.112885089,0.851815941,-0.12790593
141,0.130870163,0.423684729,1.575178129,0.577742591,2.27989348,-0.898226539
142,-0.552204426,-0.484226763,0.994193145,-0.260900969,-1.021606026,0.83617517
143,-0.236292133,-1.24184815,-0.765116437,-0.737213867,-1.581091373,-1.356379758
144,-1.363408413,-0.045930879,0.930293232,0.339570386,0.194692359,1.758969874
145,0.304286157,1.492817946,0.840038571,1.560592562,2.226880078,1.631777696
146,-1.585513142,0.441628589,0.664813062,0.296588353,1.96075464,0.791580788
147,-1.200376969,-0.155062337,0.593612459,0.396351109,-0.218064457,-0.270134769
148,-1.351781825,0.756815053,-0.634453258,0.9767858,-1.605579526,0.405033216
149,-0.921255625,-1.099834992,-0.103768634,1.448966595,0.613810478,-0.492058806
150,0.865692358,1.039469698,0.945042799,-0.977932606,1.6732931,2.900516735
151,0.666215964,0.419573007,2.115853131,-0.752484453,-0.792299031,2.390899194
152,0.270921181,0.88199977,-0.6416229,2.222998668,1.383944692,1.002512756
153,0.541312945,0.908042591,-0.194928267,2.471166142,-0.847946308,0.618434596
154,0.33580395,0.844081704,-1.469273646,0.182736327,1.278218637,-0.601122166
155,-1.01107152,-2.236724014,0.98082234,1.477060507,0.790746814,0.614719307
156,0.59099401,0.542425862,-0.472885297,0.005438586,0.778694586,-1.971202796
157,-0.581461538,0.210369796,-0.296915131,0.26075669,-0.03101143,-0.229696304
158,-1.314272337,0.172709798,0.123758468,-0.456627639,0.94509944,1.910960729
159,0.328449954,0.231878623,1.304943642,0.986800637,1.175763508,-0.014034518
160,1.469369207,-0.768339524,-2.318875269,-1.833401952,2.112150856,-1.990043129
161,0.049092409,0.115686209,-0.237284205,1.063437888,0.287358675,0.784387423
162,1.146564818,-0.682281863,-1.435509768,-0.230895942,0.598141185,-0.81334429
163,-0.653793502,0.949538787,-0.783672986,-0.309368324,1.347489929,-1.711624007
164,-0.152717647,1.261931095,-1.212365784,-0.051021975,0.351322221,-0.571840263
165,0.569352756,-0.607077142,0.856686851,2.706266462,2.99920207,1.770228415
166,1.405379297,1.417533046,-0.003697213,-0.43148811,0.289776829,1.799839029
167,-1.325968691,-1.547034899,0.189041532,1.578617542,0.387540999,-2.051198728
168,-1.512712118,-1.447889125,0.046330279,1.451916488,-0.769333512,-1.070483448
169,0.448481511,1.540763881,1.234257964,0.396450886,0.32901883,0.913328759
170,1.048756713,1.394035784,1.726544877,1.883941904,1.016866061,0.144805215
171,0.371822526,-0.246087024,-0.021977302,0.2834461,-0.501637831,1.025824908
172,-0.694805164,-1.247660784,-0.463020754,0.585199775,1.786000637,0.370635177
173,-1.168705692,-0.340851786,0.627137554,-0.217404928,-0.222576533,1.424476792
174,-0.550438558,-0.817938979,2.427399232,0.413228458,-1.504879394,-0.924227298
175,-0.077133822,2.523697067,1.114466959,2.278682172,0.177565265,-1.037951463
176,-0.09497393,0.181813326,0.562485067,1.564158317,1.464861469,1.419280488
177,0.790715717,-0.922054229,-1.155811439,0.042546061,-1.379837345,-0.506326192
178,1.110832727,1.348502968,-0.388652629,-0.390863836,-1.142390825,-2.558192704
179,-0.204540094,0.979662094,0.855122501,2.356014224,1.039520601,1.100974782
180,1.180632649,0.289238695,2.002356658,1.657682559,0.94460915,1.151147896
181,0.981856307,0.914975059,-2.016303432,-1.714537692,0.850196711,-1.487278866
182,-0.624157071,0.13047991,1.468270771,0.060365357,-0.054456799,0.410037564
183,0.929710233,0.040477121,1.669807815,1.796155242,0.303084408,1.367191162
184,1.044454851,0.357596756,0.62840378,0.816205806,-0.721490583,2.244867422
185,0.468317262,-0.780072124,-0.929337738,-0.554783665,-0.043500751,1.084596022
186,0.478673572,0.077241248,-1.418807375,0.920558976,-1.385991778,1.494340625
187,-0.826826499,-0.453468847,1.319612439,-1.457189368,-0.579874386,0.176702674
188,0.382813173,1.436213033,1.733921478,0.616024696,0.503645072,0.796069194
189,1.672850008,1.293635193,1.184001084,1.880057075,1.047239845,2.602819361
190,0.229652843,0.750196834,-0.629860931,1.621859394,1.612482546,1.362785872
191,-0.199433835,-0.645202572,0.53889995,-0.102758983,-1.164960859,-0.648571532
192,-1.60447279,-0.430514432,1.071625921,-0.192301011,0.728015004,1.478043506
193,-2.159529357,0.09562207,-0.313254825,2.555112219,1.40473847,1.18914372
194,0.188585111,0.34686965,-0.091906344,-1.165656832,-0.025839297,-0.469831698
195,-0.851849593,0.37447151,-0.026374087,0.939672885,-0.865100047,0.298589705
196,-0.036761081,-0.355890849,0.481375371,0.574052872,1.10092141,-1.928488191
197,-0.178546824,-1.480498565,0.942891079,1.361298982,0.123076716,-0.477805679
198,0.314809833,1.066012493,-0.742918564,1.06270291,-0.867629358,0.440526036
199,-0.462875282,-0.476931503,0.306103222,0.429264712,1.65251166,0.275649263
200,1.309767206,0.381473578,-1.604433126,1.618923989,-0.298405752,0.983219846
201,0.608007476,0.153976898,2.13566272,1.639262313,0.413583099,1.872536841
202,-0.789490202,-0.00719164,0.801897293,-0.397663939,-1.25314695,-2.927922062
203,-0.407663265,-0.538549098,-0.364090865,-0.809134106,-1.710150119,-2.791140265
204,-0.064952566,1.149165978,2.047092972,0.97460123,1.555823552,0.628001117
205,-0.510781664,1.003577599,1.247443699,-0.108197482,2.135444893,-0.704269304
206,-0.590277627,-3.370945721,-0.648577301,-2.428823916,-2.923593952,-1.74645923
207,-0.940432819,2.335118909,-0.044166301,1.726097452,1.749127653,0.346127477
208,-0.58635751,-0.710633134,-1.81658912,-0.459844874,0.035941021,-0.600735411
209,-0.100036423,0.567925909,1.047265906,1.068579603,1.670636745,0.54754542
210,1.112970584,-0.412714057,-1.53376373,-0.906120326,0.184487732,-0.661920265
211,-0.733623976,-0.028786366,-1.917650248,-0.85693188,0.849733743,1.181300142
212,1.337939049,1.669034575,0.159400085,-0.241545935,1.626419407,-0.160347796
213,-0.436260938,-0.843244855,-0.845365075,-1.502004859,-2.469072991,0.146169048
214,0.552179576,-0.102111108,0.891694616,-0.634801563,-1.791855346,0.119590293
215,0.491709599,1.209534142,2.179634341,0.898806262,0.428537148,0.367536319
216,-0.840525101,-0.140126112,-0.575176623,2.448901054,1.225594455,0.949613828
217,0.398114937,-0.080062056,0.127211069,0.245214798,-0.157764999,-0.491971601
218,-1.146093858,-1.044308594,0.307596297,-0.690574208,-0.687930317,-0.092806241
219,0.669481733,-0.520169568,2.023430844,1.041537067,3.721504286,0.188157262
220,0.535805567,0.006302354,0.602356737,-0.798503136,-0.729641791,-0.259432554
221,-1.171797106,-0.322570199,-1.383719204,-1.925394495,0.768225881,-1.604600817
222,-1.541221586,-2.178741205,-1.899464088,-0.358991711,-0.020834197,-2.670142178
223,-1.203195118,-1.166863016,0.155855111,-1.512138293,-0.313443859,-0.187093974
224,-0.492652171,-0.86954698,-0.574156223,-1.479111472,-0.052527439,1.560957828
225,-2.247134371,-3.000667604,-1.579341471,1.652122067,-0.712833133,0.63137881
226,1.277100565,1.4635922,-0.356529013,-0.426982281,1.749078103,0.530779442
227,3.574337675,2.510645693,0.462968096,2.691988994,1.794995521,1.674558215
228,0.012653516,-0.301557136,0.669379218,0.411530349,0.425967403,0.890900286
229,-0.882686766,-0.070287338,1.287870321,1.744954988,-0.799647319,-1.061759564
230,0.500717404,-0.416494096,1.200235508,-0.438057519,0.653277822,1.011533022
231,-0.708339423,-1.066060675,2.036436313,1.372925932,1.96531267,-1.206537618
232,0.07398723,1.403328693,1.016412816,0.112526288,0.413278669,0.443309631
233,-1.16283648,-0.198998012,-2.083770538,0.016834106,-0.250853271,0.46460949
234,0.192193903,0.892678447,-1.217653426,-1.673686382,0.219530574,-0.351473648
235,-0.651755919,-0.113985699,1.848698924,1.729502799,0.669430138,2.40656443
236,-0.431400177,-1.819815357,-1.266906978,-0.969252984,-0.261244148,-0.239161035
237,0.635249242,0.848710912,-1.476588475,-0.214149271,-0.72846975,-1.431229476
238,-0.023943697,-0.478684947,-1.462303053,-1.022111587,-0.975114314,-1.413045292
239,-0.348770493,-0.377235429,1.492511383,-0.634469474,-0.842380434,-0.143085701
240,-0.818959026,-0.406635115,0.007971774,-0.790927098,-0.462604498,-2.045313782
241,1.024732559,0.926582431,0.076332598,-0.307823995,-1.127703768,-0.160372531
242,-1.489149551,-0.145834017,-0.32145393,-1.184595465,-1.159103612,1.862145692
243,1.347052862,1.074650235,0.450610253,-2.715627668,0.737025715,-0.568125338
244,2.238254918,0.1675812,-0.248071597,1.490229653,0.464385887,0.453267609
245,-1.214070899,-1.827309867,-1.569324176,-0.888364017,-2.205592484,-0.165153917
246,-1.341368374,-0.100197971,-0.390431224,-2.221545547,-0.993902684,0.137057582
247,0.654691036,-0.29524953,-1.377096858,-0.049174651,-1.238415021,-1.33514706
248,0.842163009,-1.255552089,0.435943279,-1.375061284,0.329443699,-1.69365909
249,-1.076377758,0.658077868,0.633914642,2.075950753,1.162479263,0.384054711
250,-3.165092693,-2.347618739,-0.837711373,0.545202029,0.133839385,-1.092409562
251,-0.750901764,-2.330205487,0.704856024,-1.032156488,3.321310283,1.249158783
252,-0.665758324,-0.88237883,-0.742677269,0.021240409,-2.354165197,0.543221919
253,0.344057722,-0.795394497,-0.692426515,-0.414414459,0.66119159,-1.058081565
254,1.079278717,2.307468998,0.771554502,-1.477627032,-0.166539128,-0.864900413
255,0.00760397,1.033968206,0.991430593,-0.771934821,-0.148049843,0.341709893
256,-0.512646369,-0.425100566,-1.190592585,0.772892425,-1.572413782,-2.410849556
257,-0.733565652,-1.010954695,-1.008426501,1.576310608,0.910034113,-0.892507771
258,1.943208261,1.458304442,2.351367294,1.7763571,2.583729029,1.925138268
259,-1.245742826,-2.037025217,0.68851339,0.66264772,-0.153326716,0.05856815
260,-1.18501064,-0.896146335,1.119461425,-0.570019656,-0.489844949,-1.174303105
261,0.749024881,2.44344223,1.623943375,0.319219158,-0.488695003,0.583561205
262,-0.666138047,-1.831633341,-1.168586269,-0.903996983,1.271068584,-0.333497315
263,-0.817394162,0.405607539,1.016816867,0.995233086,0.442300625,0.806143986
264,0.086469686,-0.645016686,0.212952632,0.072549659,0.35260732,-1.627088783
265,-0.217080288,-1.445899563,0.006671848,-3.092608841,-3.788026364,-1.910862429
266,-0.764272241,-1.741287067,-0.308350001,-0.954082067,2.459418483,0.11648837
267,-0.842354662,-1.417669767,2.363843836,-0.265505924,0.189295625,1.849998223
268,-1.336463676,-0.079979025,-0.791215412,0.205344075,0.736863723,0.143408625
269,-0.162873082,-0.148989789,-0.582080008,-2.101341668,0.441178125,1.322593717
270,-0.347701358,-1.294799543,-0.077029094,0.543008133,-1.537031021,-0.044347675
271,-0.373530626,-0.267792925,1.180501086,-1.07196449,0.901289086,-1.277246214
272,0.720873146,-0.234664634,0.627401538,-1.558247935,-1.942710645,0.697463188
273,-1.468588541,-0.109843361,0.146706403,-0.925363499,0.132852213,-1.402558042
274,0.905681536,0.541154864,-2.38344738,-0.961146348,-2.522223335,0.025877476
275,-0.944778323,1.063768323,-1.454274989,0.713310241,0.262656107,-0.088778788
276,0.5492012,-0.273662567,-0.438017602,3.022047271,1.370451602,0.710692158
277,0.025890111,1.149623497,0.860872105,-1.638577194,2.116564474,-1.019131868
278,1.645504506,1.688416047,-0.364275087,2.957121274,0.606522457,1.62098525
279,-0.495176179,-1.083330296,-0.459924947,-2.602154225,-1.131626857,-1.196173602
280,0.687863091,0.078910396,-0.115477001,2.765547727,0.824567142,0.169327039
281,0.235134119,1.991946975,0.683770233,1.262306284,1.532432731,1.925971418
282,-0.108686249,1.569736299,1.286017767,0.822557092,-0.025583038,1.196887469
283,1.520160658,0.694663914,-0.404467074,1.099081534,3.149059961,0.935282731
284,0.384228457,0.342566647,-0.513463914,-0.999345738,-1.337457947,1.047551549
285,0.643912446,-0.846301163,0.912638758,-0.235294072,0.657661118,1.241553863
286,0.522137468,1.596474608,1.567090643,3.195835212,1.224709223,0.570472139
287,-0.8578728,0.166215751,-1.049034445,1.557548284,-0.082082755,1.268318221
288,-0.763417725,1.454722983,0.09422181,0.532067932,0.254939927,-0.397399087
289,0.22609757,1.834178869,0.551707429,-3.248390426,-0.80536975,-0.624280616
290,1.333068319,1.282860532,3.293624441,0.908990724,0.152463704,-0.05749823
291,1.232605778,0.804046533,-1.389772757,1.525713316,0.70097016,-0.111231826
292,-0.292068311,0.061608248,0.166957608,-1.048809486,-0.685982565,0.013818199
293,0.430298697,0.063298287,1.309705204,0.475668996,0.389034053,0.5442843
294,0.012294785,-1.161748475,0.697193302,-0.680162514,-2.01037581,-0.613383939
295,2.255405559,0.311671714,1.514855756,-0.407592774,0.485136706,0.622899506
296,0.615483087,-0.908116115,0.949711634,-0.649973544,0.791279686,-0.9519886
297,0.084828604,1.07136797,-0.091566641,0.491091837,1.965724638,-0.103165618
298,1.133078278,1.224159682,1.698273008,1.181176954,2.075000444,0.391409334
299,-0.810052808,-2.500790196,-2.016467052,-0.405442096,-2.462641438,-1.131486257
300,0.676511959,-0.293753133,0.159591839,-2.617530128,-1.065024408,-0.49769523
301,2.889357622,3.036617955,0.763403492,1.180824944,1.750122813,1.101492991
302,0.66705342,-0.713347025,0.198935229,-0.008916951,0.945190411,-0.629912894
303,0.751896555,0.209135959,-0.074905627,0.754681499,-1.608972557,1.049146942
304,-1.28973628,-2.645341853,-0.948182336,-1.902495316,-2.18078477,-0.418003181
305,0.829761473,-0.224470406,-2.113900259,-0.290522756,-0.52635221,-1.491355342
306,-3.659194194,0.234716652,0.608259221,-0.721874296,0.137895469,0.441382772
307,-0.159382843,-1.458679774,-0.968583218,-1.768752792,1.469558297,-0.289303423
308,-0.132069771,0.957068915,0.062511734,-0.351352587,0.301391955,-0.315233284
309,-0.537664249,0.547992903,-1.886782557,-1.813071923,-0.636072539,-0.550935616
310,-1.344439055,0.102514699,0.589137405,-0.918824891,-1.15125984,0.171404397
311,0.840218383,1.458838834,-1.596335452,0.17550165,1.741630446,-1.162568639
312,-0.363713964,-0.079367401,0.555607166,-0.178842778,1.997423846,1.157065655
313,-0.00223785,0.369294283,-0.526432204,-0.723418872,0.168310088,-0.86836502
314,-0.631371803,0.474534999,1.450816138,-0.817279978,1.410303018,1.106875014
315,0.228994084,0.971829767,-0.180989165,0.313576684,0.01236664,0.432165062
316,-1.057055836,-0.839329415,-0.34999154,0.613741632,-1.833051158,-0.858503217
317,-0.615850869,-0.431205422,-1.228930481,-0.079624041,-2.3565916,-1.494122301
318,0.711302782,0.738088747,2.041318957,-0.602538156,0.004383594,0.044086303
319,-0.833007646,1.398135291,0.401260649,-0.617872766,0.942763797,-0.061756095
320,-0.589670234,-1.607168012,0.28266141,1.190375283,1.282231793,-0.120389704
321,0.490499034,-1.388125416,-0.49256853,-0.298396355,0.045183503,-1.543947154
322,-1.707814914,-2.551481155,-0.52892368,0.028437242,-0.562735918,-0.394628397
323,-0.60809332,-1.492352212,0.35422428,1.673683781,1.821134306,0.120412457
324,0.331780632,2.425653183,0.059962287,1.165516911,0.778290128,1.38680128
325,0.346835348,-2.888780263,0.378221589,0.094664494,-0.909296397,-0.350552713
326,-0.21147765,1.095731524,-1.165737467,0.277438736,1.014694936,1.736482642
327,0.936625899,1.260406012,1.750076847,0.027555445,-0.098815824,0.878443321
328,1.258465251,2.284025671,0.695762121,-1.727621648,-1.697110661,0.789990339
329,0.025564906,0.065498676,1.465854752,-0.177043867,2.106283863,-0.328184088
330,1.146658038,1.112421677,1.55410606,0.698974921,0.675653461,2.098118119
331,-2.229677834,0.711792638,0.681518374,-0.4424268,1.454751142,1.108932307
332,-1.373014126,0.093726525,-0.522563079,0.828859186,-0.804034849,-2.436423365
333,1.119928137,-0.21499545,-1.106848816,-1.565822668,0.210946123,-1.506209864
334,1.058682657,0.675811965,1.362058264,0.406784356,-0.681481841,-2.013581763
335,0.361219327,-1.887292483,-1.71332191,0.525701133,1.627655938,-1.846875188
336,0.961667599,-0.579952564,-0.008364039,-0.420032523,-0.884832992,0.93199215
337,-0.12599472,-0.666015326,0.067269939,0.072741482,-1.402804446,-2.098792362
338,-2.230828317,-1.331323635,-0.796392284,0.19460257,-1.533506905,0.922319658
339,0.664914808,-1.004592426,2.800347456,-1.093840573,1.261869786,1.206920389
340,1.334240408,0.12371386,-0.588397385,0.799200081,-0.187222532,-1.759582015
341,-1.875840541,-1.101157479,-0.98199589,-3.380054472,-2.313665696,1.231341101
342,-0.569048221,-2.57613742,0.486337296,-0.570251253,0.015246813,0.605677206
343,-1.586716161,-0.026268844,-1.334963133,-0.557853843,-1.762197507,0.740521392
344,0.563522222,-0.775838839,1.325940697,0.363449008,-0.462072692,-1.835451883
345,1.06632979,0.309266369,0.770771247,3.110796051,-3.38E-05,-0.413087443
346,0.337626447,-0.407849909,1.157569857,-1.370776447,2.901219479,2.060180648
347,-0.039250166,-2.294608877,0.913792714,-0.341409844,-0.270666891,-0.34374786
348,-0.970253279,-0.859911477,-0.767092876,-0.388657921,-1.866833011,1.377264244
349,-0.554204664,0.519136145,0.14558935,-2.755509657,0.318104654,0.355326109
350,-1.141014309,-1.188789481,0.912045018,1.980333119,-0.781120159,0.485692968
351,0.51013706,3.240570041,-0.454052987,-1.23094047,0.811676133,1.012439001
352,0.41757445,2.048661561,-1.208591926,1.013762354,0.133067029,-0.633459256
353,-0.810628547,-0.095667149,0.181478556,-1.600463455,0.248204381,0.398679014
354,-0.91638241,0.288747516,-0.118946846,2.073161345,0.155158418,0.157800051
355,-0.521899485,-0.542744293,0.37693533,1.903303842,0.37218622,-0.783803865
356,-1.073400375,-0.423191245,-0.209607611,-1.224618882,-0.424636379,-1.786488847
357,-1.504207955,-1.488008637,-1.738807766,-1.71864653,-1.312664116,-1.599119636
358,-1.011112339,-2.087488417,-0.762936288,-2.23514447,0.307811195,-0.305079535
359,-0.436737184,2.278266294,-1.191048212,-1.720039628,0.447338659,-1.877028425
360,-0.361733581,1.047834464,1.230367487,2.418472147,-0.934794485,-1.697766795
361,0.99643364,-2.063748938,0.347409057,0.168785849,-0.904411303,0.405118903
362,1.081549768,1.943435765,0.94500178,0.136897625,0.291321228,0.63531307
363,2.676500127,1.882539546,-1.093199915,-0.487876361,0.615013789,-0.761287492
364,-0.873016518,0.47118649,0.914332024,-0.046161277,-0.463872744,-1.663814385
365,-0.207961594,-1.155253816,1.190035117,0.536196705,0.548400988,0.709829194
366,-2.63793242,-0.98762658,-1.257125564,-1.425126066,-2.227884714,-1.52491273
367,-0.413904058,0.509019832,-0.030429777,-1.57112458,-1.584911835,-0.743626168
368,-0.823909479,-1.047177159,-2.392060016,-0.533712526,-0.096760676,-0.851724381
369,0.90692953,0.275733534,-0.346737588,0.35619029,-0.951728443,1.09991154
370,1.039451585,-1.075430844,-0.72951904,-0.930263697,-0.436886143,-0.307212444
371,-0.377688311,0.322224326,-0.917066324,1.388870939,0.70109666,0.176599625
372,0.261802316,0.414879487,-0.69606382,-0.381072857,-0.547609221,0.490473319
373,-2.519864391,-0.811219858,0.877147739,-0.127849643,0.290159268,-0.049408217
374,0.509023755,-0.394487932,-0.082710338,0.645477291,0.456753522,0.616178489
375,-0.221810984,-1.209193815,-1.045148439,-0.221081199,0.194944813,0.240654596
376,1.150929862,3.083927733,1.459592828,2.700180266,-0.13238441,0.374402584
377,1.847959714,1.599486334,1.96354268,1.756731622,0.709617424,1.370523365
378,-1.095092545,-0.783901264,1.999537733,-1.756432705,-1.117498131,-1.106245602
379,0.635359122,0.597299662,0.059734344,-2.005258539,1.169269323,-0.301585307
380,0.442777701,0.932575268,-0.224144292,-0.33175959,1.990597883,0.830582453
381,0.549540012,0.866624512,-0.718653103,0.644756484,0.800041694,-1.180361976
382,-0.478396763,-0.674529922,-0.251990147,0.607904807,1.673645098,-0.211420298
383,-2.109856405,-0.523237263,-1.035300401,-0.510257634,-3.628223608,-0.335862548
384,-1.532684359,-1.356774823,1.283177001,1.063847225,1.110055488,-0.803217227
385,-0.25162001,0.728594362,-0.050933757,0.832501343,-0.29920288,1.134999439
386,-0.475920444,0.028636778,2.279150009,-0.775921007,0.817554875,-1.581038837
387,-0.570086095,-0.364563727,-1.207514453,-0.449578273,-1.028628437,0.370391571
388,0.376581443,0.997982038,-0.050088739,1.030651443,-0.03176419,-0.483226249
389,0.744619143,0.200696026,0.766911614,-0.938897274,-0.75891249,-1.019518881
390,1.271845042,2.766685759,-0.707691905,0.634689016,0.615550436,-0.278078642
391,-1.170237992,1.015191112,0.38445903,0.358603604,0.495246551,0.587349139
392,-0.130100756,1.420783385,-0.843093152,-0.982859599,-0.610690826,-1.549787862
393,0.158411655,-1.218256033,-1.503802203,-0.763192412,-3.021040965,-1.39248211
394,0.170364731,-0.445759154,0.281780788,3.667366666,1.047648314,2.010203194
395,-0.196387077,-1.430432284,0.190675611,1.942131194,1.066888341,0.109181092
396,0.663626645,-0.782231674,-1.580848842,-1.288786096,-1.216194237,1.50694182
397,-0.338335989,0.626077778,1.973132205,-0.560303807,0.502971937,0.183881091
398,-1.463675436,-1.965400319,-1.614544599,0.21064186,0.404830906,-0.31442823
399,1.282718644,0.154493799,0.175746889,1.516981325,-0.792783847,0.004556547
400,1.674966203,0.887963844,0.665414941,-0.18641572,-1.700476941,-0.844057068
401,-0.0251278,-0.724224688,1.702328873,-0.902653756,0.92785189,0.208202431
402,-1.378233419,-0.483510154,0.845571381,0.930287583,1.055242572,0.213259831
403,0.810843422,2.79084573,-0.074934492,2.03162678,-2.118380461,-0.614638233
404,-1.192673053,-0.952505667,-2.083454392,-0.131392483,0.601159946,1.290684527
405,0.608696946,-0.293431734,0.530906024,1.06671028,0.310286049,1.60827582
406,0.304601935,1.144544751,1.163515225,2.214573596,0.474233319,1.13217492
407,0.362365885,0.636283541,-0.994300111,0.718005036,0.959318195,-1.894768867
408,-1.196244115,-1.785282924,1.228512735,0.941155248,0.823709861,1.28849064
409,0.195601057,-0.32135969,1.20502212,-0.169038591,0.653540223,-1.692118554
410,-0.359512759,0.246789472,-0.317729624,0.62261399,0.428514982,0.577150591
411,-0.591605702,0.109479739,0.620458232,0.750945523,-0.886906069,0.342123801
412,0.615896345,-1.951441517,-0.834207034,-0.060728895,-2.106188822,-0.621869842
413,-1.237524436,-0.148932556,0.738372427,1.424394932,0.560927249,-0.533062166
414,-0.800801028,-0.541866793,0.73956388,0.728817225,-0.875684275,-1.538479991
415,1.85634794,0.713005718,-0.096509347,0.625545717,-0.208690938,0.710747565
416,-0.888248311,-1.55329689,-1.042540011,1.616448593,-2.523819972,-1.718630967
417,1.165015327,-0.007596076,-1.316748769,-0.469403154,-1.576416034,0.450141096
418,-0.115965223,1.806154537,1.831302499,1.499811184,0.697618778,1.651735776
419,0.731402398,1.63402265,1.111330716,-0.084578895,-0.333056468,-1.369348294
420,-0.666101902,0.221285283,0.78720737,1.448590403,0.640122233,1.934034791
421,-0.08316701,0.949118381,0.164077878,1.168033959,-0.307593318,0.23394112
422,-1.101344752,-1.723733106,1.32140613,-0.440641033,1.519582196,-0.587304312
423,-1.463591654,-2.47082082,-1.314488216,-0.00811295,0.302869369,0.102569862
424,0.11380492,-0.356856545,-0.260763363,0.378981051,0.436796741,-0.973195343
425,-0.215818027,-1.134194945,-1.835468331,-0.540839044,-0.689922829,-0.980824892
426,-1.19514748,-0.072710544,1.820186202,-1.505958942,-1.722873696,-1.668575434
427,-1.356513118,-1.628974299,-1.006652786,-2.311426074,0.611050108,-1.718760041
428,-1.20961935,1.637916457,-0.062430116,1.265623501,1.477190515,0.19214144
429,0.413387652,1.121596899,-0.075434754,0.628585328,-0.19378661,-0.524700016
430,0.170390945,1.260153502,0.007259182,2.121816045,-0.74010309,0.603138931
431,-0.138661637,0.903565443,-1.530753853,2.361744183,-0.17720365,0.807949609
432,1.095641768,1.066434681,1.207244012,2.184349388,-0.864193026,0.135672213
433,-0.543132317,0.060551008,-2.838947448,-1.588920632,-1.362618831,-0.165449717
434,-0.653070697,-2.131126132,-0.871121134,-0.532792762,-1.356086414,0.023717414
435,-1.327899813,-0.088480371,-0.683240706,0.255642383,1.676990361,1.716504117
436,-0.692383274,-0.508507148,-2.240852233,0.200196774,-0.111808879,0.910987355
437,-1.827817286,-2.333329447,0.707851492,-1.123403774,1.832830484,0.941215434
438,-1.120764089,-1.834687301,-2.104284173,-0.537858562,-0.188637508,-2.107211786
439,-0.727159175,-1.336212696,0.543951367,-0.917644263,-1.141923937,0.153541342
440,0.201984592,0.560821661,0.053785749,1.640433234,2.623972202,-0.007144495
441,0.246089899,-2.219567822,0.309425693,-0.277182547,-0.557469984,-1.945336671
442,-1.712513601,-0.558905083,-1.879823623,-2.06388433,-1.644212229,-0.318241652
443,0.254890133,-1.796526103,3.279180039,0.288311228,0.013418878,0.082297973
444,-0.29302707,0.514580528,2.201423709,2.324395447,1.275192676,1.017842154
445,0.110846251,0.595749822,0.193766017,-1.126115195,-0.063343136,-0.209193194
446,-0.096329548,0.507359201,-0.578363518,-1.381268659,-0.711191687,-0.137911321
447,0.396458194,-0.319182699,0.127222842,-0.500006636,-1.764945732,0.954596463
448,0.543684381,-0.221854913,-0.318211539,-0.228220032,-0.323523589,-0.999015072
449,1.405136217,1.135384384,0.081208831,0.134133003,3.46529041,1.363361956
450,-0.321793088,-0.543808913,0.12995365,0.420622272,1.165835002,-0.324301873
451,-2.171734975,-0.996712221,0.106150399,-2.139796633,-0.378119874,0.941190757
452,-0.287280481,-0.025747907,0.011970415,0.446891372,0.17267471,1.042642656
453,-0.619502132,-0.033580943,-1.416816339,-0.609704958,-0.919143711,0.934359714
454,-1.112088711,0.263619355,-1.978070195,-1.970375299,-1.161264292,-0.411754579
455,-0.538284958,1.016249067,1.912728817,0.910974447,0.689390574,1.53878582
456,-1.124730234,-0.109440485,0.398644663,0.603355049,1.024568428,-0.616741614
457,-0.815594325,-1.329530845,-1.395760115,-1.629377877,-2.24216047,-0.95097098
458,0.224704359,1.539628682,2.490243641,-0.066689851,0.637570923,1.375748868
459,-0.514777513,0.227550113,-2.491770078,0.574949193,-0.675100743,2.096813687
460,1.210413076,2.037380348,0.088045567,-0.938627036,0.185716537,2.756305194
461,-1.417049481,-1.58492985,-1.099413428,0.251129271,-1.903685181,-0.801218773
462,1.35005665,1.602675913,0.308282884,-0.384340419,0.372953224,-1.47317026
463,-0.287200888,1.064628122,-0.971079118,0.241227865,1.14266409,0.732984329
464,-1.577594892,-0.770734354,0.718543781,0.728764445,0.568360871,-0.31371666
465,1.03151784,-0.435199189,1.181852618,1.966137685,2.999284272,1.15521564
466,-0.058133786,-0.759960565,1.132543345,0.041840616,-0.517403401,0.008198268
467,2.097201984,1.735967304,-1.020030349,2.083519287,0.940236142,-0.064184922
468,1.975449093,1.440107597,-0.742407325,-0.791571347,-0.066134492,2.047430159
469,-0.397910692,-0.665354762,0.319994216,0.422819729,1.714192367,-1.429113844
470,-0.003887733,0.09898889,-1.931446158,1.254659245,-1.407635346,0.359491592
471,-0.17937977,-0.967111018,-0.486568045,1.287303702,-0.820641175,-0.071416748
472,-0.623994346,-0.180840794,0.130628492,1.014077879,-0.096227529,1.18628391
473,-0.144599882,-0.80811166,-1.127279367,0.968786595,0.330246114,-0.852304988
474,0.639088112,0.091277852,-0.405652408,0.383365412,-0.925889514,-0.104934365
475,-0.784681122,-1.390847981,2.047382737,-1.261588477,-0.475459638,-1.970490485
476,0.096661272,0.174044449,-1.095271326,-0.027247175,-0.308174455,-0.606684572
477,0.560570277,0.150958694,-2.041510496,0.047930796,-0.198046999,-0.923378588
478,-1.389835639,-1.110492432,0.049547815,-0.710423228,-0.247047261,-0.761644846
479,-0.641470704,-0.651485128,-1.189418629,-0.795738714,-2.146136069,-0.14335253
480,-1.685554689,-1.6773695,0.327999275,-0.199167133,-1.208365488,-2.906809975
481,0.096161429,0.578834313,-1.049583487,-0.233736302,-0.932041974,-0.976177441
482,0.382844287,-0.03233107,1.078734371,1.267434038,0.24585453,-1.121426664
483,0.375728443,-1.773897856,-0.857474487,0.656092566,1.361242651,-1.401340499
484,-1.481007926,-2.745532335,-1.168995667,-1.646097902,-1.080517515,0.752706984
485,0.31557557,0.484620499,1.657571519,-0.695428878,-0.306906929,-2.462584818
486,0.356255451,0.400815404,0.0324909,-2.25202439,-2.159516201,-1.114662447
487,-1.254373489,0.048467186,1.2202149,-2.066184784,-2.971899514,0.324959073
488,0.34444179,-0.27800416,-1.590927982,-0.799994622,0.984247478,-0.57065238
489,0.101695855,0.346893559,0.085291092,-0.525451535,0.4383807,1.75448633
490,-0.972535703,-2.3073308,-0.506050737,-1.334779127,-0.54793807,-0.319611703
491,-0.085556734,-0.371000544,-0.727454072,-0.681912711,-0.822700297,0.551038732
492,0.075373373,-1.786105471,-2.630154686,-1.800357431,-2.598207217,-0.16531726
493,1.55684417,2.053985913,-0.423713469,2.26337772,1.78140019,-0.398206335
494,0.457984929,-0.641634371,0.342566394,0.749708059,-1.017173421,1.473951619
495,-0.270660194,1.68313505,-0.867514234,0.720183643,-0.573456725,0.588024314
496,-0.329893228,-0.64987149,-0.464754297,-1.042162214,-0.717464444,0.569871461
497,1.129114122,0.670465787,-0.779660495,-0.525983037,-1.012214672,-0.34899272
498,0.650444855,0.412892195,-1.424449983,-0.384817981,0.87622287,-0.763022948
499,-0.429380956,0.154491411,-0.169087063,-0.126198505,-1.223894207,0.851681635
500,1.250638417,1.921355038,0.649314463,2.056792981,1.729958314,0.439426395